old_path,new_path
/navratri/,/festivals/navratri/
/navratri/foundation-meaning-getting-started/,/festivals/navratri/basics/
/navratri/foundation-meaning-getting-started/navratri-festival-meaning-dates-and-how-it-is-celebrated.html,/festivals/navratri/basics/meaning-and-dates.html
/navratri/foundation-meaning-getting-started/the-story-of-mahishasura-mardini-the-legend-behind-navratri.html,/festivals/navratri/basics/mahishasura-mardini-story.html
/navratri/foundation-meaning-getting-started/chaitra-vs-sharad-navratri-understanding-the-differences.html,/festivals/navratri/basics/chaitra-vs-sharad.html
/navratri/foundation-meaning-getting-started/the-spiritual-significance-of-the-nine-nights.html,/festivals/navratri/basics/nine-nights-significance.html
/navratri/foundation-meaning-getting-started/the-role-of-colors-in-navratri-what-each-day-represents.html,/festivals/navratri/basics/colors-meaning.html
/navratri/foundation-meaning-getting-started/essential-navratri-vocabulary-a-guide-for-beginners.html,/festivals/navratri/basics/vocabulary.html
/navratri/foundation-meaning-getting-started/how-to-prepare-your-home-for-navratri.html,/festivals/navratri/basics/home-preparation.html
/navratri/foundation-meaning-getting-started/a-first-timers-guide-to-attending-navratri-events.html,/festivals/navratri/basics/first-timers-guide.html
/navratri/foundation-meaning-getting-started/navratri-myths-and-facts.html,/festivals/navratri/basics/myths-and-facts.html
/navratri/foundation-meaning-getting-started/the-science-behind-navratri-fasting.html,/festivals/navratri/basics/fasting-science.html
/navratri/navadurga-nine-forms-daily-worship/,/festivals/navratri/navadurga/
/navratri/navadurga-nine-forms-daily-worship/day-1-shailaputri-the-daughter-of-the-mountain.html,/festivals/navratri/navadurga/day-1-shailaputri.html
/navratri/navadurga-nine-forms-daily-worship/day-2-brahmacharini-the-ascetic-goddess.html,/festivals/navratri/navadurga/day-2-brahmacharini.html
/navratri/navadurga-nine-forms-daily-worship/day-3-chandraghanta-the-fierce-protector.html,/festivals/navratri/navadurga/day-3-chandraghanta.html
/navratri/navadurga-nine-forms-daily-worship/day-4-kushmanda-the-creator-of-the-universe.html,/festivals/navratri/navadurga/day-4-kushmanda.html
/navratri/navadurga-nine-forms-daily-worship/day-5-skandamata-the-mother-of-the-war-god.html,/festivals/navratri/navadurga/day-5-skandamata.html
/navratri/navadurga-nine-forms-daily-worship/day-6-katyayani-the-warrior-goddess.html,/festivals/navratri/navadurga/day-6-katyayani.html
/navratri/navadurga-nine-forms-daily-worship/day-7-kalaratri-the-destroyer-of-darkness.html,/festivals/navratri/navadurga/day-7-kalaratri.html
/navratri/navadurga-nine-forms-daily-worship/day-8-mahagauri-the-symbol-of-purity.html,/festivals/navratri/navadurga/day-8-mahagauri.html
/navratri/navadurga-nine-forms-daily-worship/day-9-siddhidatri-the-granter-of-wishes.html,/festivals/navratri/navadurga/day-9-siddhidatri.html
/navratri/navadurga-nine-forms-daily-worship/how-to-incorporate-the-teachings-of-navadurga-into-daily-life.html,/festivals/navratri/navadurga/teachings-in-daily-life.html
/navratri/fasting-foods-vrat-recipes/,/festivals/navratri/fasting/
/navratri/fasting-foods-vrat-recipes/navratri-fasting-rules-what-to-eat-and-what-to-avoid.html,/festivals/navratri/fasting/rules-what-to-eat.html
/navratri/fasting-foods-vrat-recipes/sabudana-khichdi-step-by-step-vrat-recipe.html,/festivals/navratri/fasting/sabudana-khichdi.html
/navratri/fasting-foods-vrat-recipes/kuttu-ki-puri-and-aloo-sabzi-a-traditional-fasting-meal.html,/festivals/navratri/fasting/kuttu-puri-aloo-sabzi.html
/navratri/fasting-foods-vrat-recipes/navratri-snacks-makhana-sweet-potato-and-peanut-recipes.html,/festivals/navratri/fasting/vrat-snacks.html
/navratri/fasting-foods-vrat-recipes/vrat-friendly-desserts-samak-kheer-and-lauki-halwa.html,/festivals/navratri/fasting/vrat-desserts.html
/navratri/fasting-foods-vrat-recipes/how-to-maintain-energy-levels-while-fasting-for-nine-days.html,/festivals/navratri/fasting/energy-while-fasting.html
/navratri/fasting-foods-vrat-recipes/a-9-day-navratri-fasting-meal-plan.html,/festivals/navratri/fasting/9-day-meal-plan.html
/navratri/fasting-foods-vrat-recipes/vegan-navratri-recipes-dairy-free-vrat-alternatives.html,/festivals/navratri/fasting/vegan-vrat-recipes.html
/navratri/fasting-foods-vrat-recipes/navratri-vrat-thali-how-to-build-a-balanced-fasting-plate.html,/festivals/navratri/fasting/vrat-thali.html
/navratri/fasting-foods-vrat-recipes/troubleshooting-common-navratri-cooking-mistakes.html,/festivals/navratri/fasting/cooking-mistakes.html
/navratri/garba-dandiya-community-celebration/,/festivals/navratri/garba-dandiya/
/navratri/garba-dandiya-community-celebration/the-history-and-meaning-of-garba-and-dandiya.html,/festivals/navratri/garba-dandiya/history-and-meaning.html
/navratri/garba-dandiya-community-celebration/garba-vs-dandiya-understanding-the-differences.html,/festivals/navratri/garba-dandiya/garba-vs-dandiya.html
/navratri/garba-dandiya-community-celebration/a-beginners-guide-to-basic-garba-steps.html,/festivals/navratri/garba-dandiya/garba-steps-for-beginners.html
/navratri/garba-dandiya-community-celebration/etiquette-for-navratri-garba-nights.html,/festivals/navratri/garba-dandiya/etiquette.html
/navratri/garba-dandiya-community-celebration/preparing-for-a-garba-marathon-stamina-and-footwear.html,/festivals/navratri/garba-dandiya/stamina-and-footwear.html
/navratri/garba-dandiya-community-celebration/the-role-of-the-dhol-and-live-music-in-garba.html,/festivals/navratri/garba-dandiya/dhol-and-live-music.html
/navratri/garba-dandiya-community-celebration/the-best-traditional-navratri-songs-and-modern-mashups.html,/festivals/navratri/garba-dandiya/best-songs.html
/navratri/garba-dandiya-community-celebration/how-to-choose-and-decorate-your-dandiya-sticks.html,/festivals/navratri/garba-dandiya/dandiya-sticks.html
/navratri/garba-dandiya-community-celebration/how-to-organize-a-neighborhood-garba-event.html,/festivals/navratri/garba-dandiya/organize-garba-night.html
/navratri/garba-dandiya-community-celebration/the-evolution-of-garba-from-village-squares-to-global-arenas.html,/festivals/navratri/garba-dandiya/evolution-of-garba.html
/navratri/regional-navratri-traditions-india/,/festivals/navratri/regional/
/navratri/regional-navratri-traditions-india/navratri-in-gujarat-the-epicenter-of-garba.html,/festivals/navratri/regional/gujarat.html
/navratri/regional-navratri-traditions-india/durga-puja-in-west-bengal-pandal-hopping-and-rituals.html,/festivals/navratri/regional/durga-puja-bengal.html
/navratri/regional-navratri-traditions-india/golu-in-tamil-nadu-the-display-of-dolls.html,/festivals/navratri/regional/golu-tamil-nadu.html
/navratri/regional-navratri-traditions-india/mysore-dasara-the-royal-celebration-of-karnataka.html,/festivals/navratri/regional/mysore-dasara.html
/navratri/regional-navratri-traditions-india/kullu-dussehra-in-himachal-pradesh-a-valley-in-celebration.html,/festivals/navratri/regional/kullu-dussehra.html
/navratri/regional-navratri-traditions-india/navratri-in-north-india-ram-leela-and-jagratas.html,/festivals/navratri/regional/north-india.html
/navratri/regional-navratri-traditions-india/navratri-in-maharashtra-ghatasthapana-and-bhondla.html,/festivals/navratri/regional/maharashtra.html
/navratri/regional-navratri-traditions-india/bathukamma-in-telangana-the-festival-of-flowers.html,/festivals/navratri/regional/bathukamma-telangana.html
/navratri/regional-navratri-traditions-india/vidyarambham-in-kerala-initiating-learning-during-navratri.html,/festivals/navratri/regional/vidyarambham-kerala.html
/navratri/regional-navratri-traditions-india/exploring-the-common-threads-across-regional-celebrations.html,/festivals/navratri/regional/common-threads.html
/navratri/fashion-colors-jewelry-beauty/,/festivals/navratri/fashion/
/navratri/fashion-colors-jewelry-beauty/navratri-outfit-guide-for-women-chaniya-cholis-and-sarees.html,/festivals/navratri/fashion/outfits-for-women.html
/navratri/fashion-colors-jewelry-beauty/navratri-outfit-guide-for-men-kediyus-and-kurtas.html,/festivals/navratri/fashion/outfits-for-men.html
/navratri/fashion-colors-jewelry-beauty/how-to-style-your-outfit-for-the-9-colors-of-navratri.html,/festivals/navratri/fashion/9-colors-outfits.html
/navratri/fashion-colors-jewelry-beauty/navratri-jewelry-oxidized-silver-terracotta-and-tribal-pieces.html,/festivals/navratri/fashion/jewelry.html
/navratri/fashion-colors-jewelry-beauty/traditional-navratri-hairstyles-braids-buns-and-accessories.html,/festivals/navratri/fashion/hairstyles.html
/navratri/fashion-colors-jewelry-beauty/sweat-proof-makeup-tips-for-long-garba-nights.html,/festivals/navratri/fashion/garba-makeup.html
/navratri/fashion-colors-jewelry-beauty/kids-navratri-fashion-safe-comfortable-and-festive-looks.html,/festivals/navratri/fashion/kids-outfits.html
/navratri/fashion-colors-jewelry-beauty/sustainable-navratri-fashion-upcycling-and-renting-outfits.html,/festivals/navratri/fashion/sustainable-fashion.html
/navratri/fashion-colors-jewelry-beauty/diy-navratri-outfit-customizations-mirrors-tassels-and-embroidery.html,/festivals/navratri/fashion/diy-outfit-ideas.html
/navratri/fashion-colors-jewelry-beauty/how-to-care-for-heavy-embroidered-navratri-outfits.html,/festivals/navratri/fashion/outfit-care.html
/navratri/puja-rituals-mantras-visarjan/,/festivals/navratri/puja/
/navratri/puja-rituals-mantras-visarjan/ghatasthapana-kalash-sthapana-step-by-step-guide.html,/festivals/navratri/puja/ghatasthapana.html
/navratri/puja-rituals-mantras-visarjan/essential-items-for-your-navratri-puja-thali.html,/festivals/navratri/puja/puja-thali-items.html
/navratri/puja-rituals-mantras-visarjan/how-to-perform-the-daily-navratri-aarti-at-home.html,/festivals/navratri/puja/daily-aarti.html
/navratri/puja-rituals-mantras-visarjan/navratri-mantras-and-slokas-for-daily-chanting.html,/festivals/navratri/puja/mantras.html
/navratri/puja-rituals-mantras-visarjan/the-significance-of-akhand-jyot-the-eternal-flame.html,/festivals/navratri/puja/akhand-jyot.html
/navratri/puja-rituals-mantras-visarjan/sowing-khetri-barley-seeds-meaning-and-process.html,/festivals/navratri/puja/khetri-barley-sowing.html
/navratri/puja-rituals-mantras-visarjan/kanya-pujan-ashtami-navami-traditions-and-gift-ideas.html,/festivals/navratri/puja/kanya-pujan.html
/navratri/puja-rituals-mantras-visarjan/sandhi-puja-explained-the-transition-from-ashtami-to-navami.html,/festivals/navratri/puja/sandhi-puja.html
/navratri/puja-rituals-mantras-visarjan/ayudha-puja-worshipping-tools-and-instruments.html,/festivals/navratri/puja/ayudha-puja.html
/navratri/puja-rituals-mantras-visarjan/visarjan-how-to-respectfully-conclude-the-navratri-puja.html,/festivals/navratri/puja/visarjan.html
/navratri/kids-family-schools-activities/,/festivals/navratri/kids/
/navratri/kids-family-schools-activities/explaining-navratri-to-kids-stories-crafts-and-activities.html,/festivals/navratri/kids/explaining-to-kids.html
/navratri/kids-family-schools-activities/diy-garba-pot-garbi-decoration-ideas-for-the-family.html,/festivals/navratri/kids/garbi-pot-diy.html
/navratri/kids-family-schools-activities/teaching-children-garba-simple-steps-and-games.html,/festivals/navratri/kids/garba-for-kids.html
/navratri/kids-family-schools-activities/hosting-a-navratri-kanya-pujan-at-home.html,/festivals/navratri/kids/kanya-pujan-at-home.html
/navratri/kids-family-schools-activities/navratri-storytelling-ideas-for-classrooms-and-assemblies.html,/festivals/navratri/kids/school-storytelling.html
/navratri/kids-family-schools-activities/creating-a-navratri-family-altar-together.html,/festivals/navratri/kids/family-altar.html
/navratri/kids-family-schools-activities/a-9-day-navratri-family-challenge-daily-activities.html,/festivals/navratri/kids/9-day-family-challenge.html
/navratri/kids-family-schools-activities/navratri-printables-word-searches-coloring-pages-and-bingo.html,/festivals/navratri/kids/printables.html
/navratri/kids-family-schools-activities/how-to-create-a-navratri-scrapbook-of-family-memories.html,/festivals/navratri/kids/scrapbook.html
/navratri/kids-family-schools-activities/volunteer-ideas-giving-back-to-the-community-during-navratri.html,/festivals/navratri/kids/volunteer-ideas.html
/navratri/modern-navratri-diaspora-sustainability/,/festivals/navratri/modern/
/navratri/modern-navratri-diaspora-sustainability/celebrating-navratri-abroad-stories-from-the-diaspora.html,/festivals/navratri/modern/celebrating-abroad.html
/navratri/modern-navratri-diaspora-sustainability/eco-friendly-navratri-clay-idols-and-sustainable-decor.html,/festivals/navratri/modern/eco-friendly.html
/navratri/modern-navratri-diaspora-sustainability/navratri-office-celebrations-decor-competitions-and-food.html,/festivals/navratri/modern/office-celebration.html
/navratri/modern-navratri-diaspora-sustainability/how-to-host-a-virtual-navratri-event.html,/festivals/navratri/modern/virtual-event.html
/navratri/modern-navratri-diaspora-sustainability/creating-the-ultimate-navratri-spotify-playlist.html,/festivals/navratri/modern/spotify-playlist.html
/navratri/modern-navratri-diaspora-sustainability/managing-fasting-and-garba-with-a-busy-corporate-schedule.html,/festivals/navratri/modern/fasting-and-work.html
/navratri/modern-navratri-diaspora-sustainability/navratri-photography-guide-capturing-motion-and-low-light.html,/festivals/navratri/modern/photography.html
/navratri/modern-navratri-diaspora-sustainability/post-navratri-detox-transitioning-back-to-a-regular-diet.html,/festivals/navratri/modern/post-navratri-diet.html
/navratri/modern-navratri-diaspora-sustainability/repurposing-vrat-ingredients-and-leftover-puja-items.html,/festivals/navratri/modern/reuse-leftovers.html
/navratri/modern-navratri-diaspora-sustainability/the-economics-of-navratri-the-impact-on-local-artisans.html,/festivals/navratri/modern/local-artisans.html
